$X_0$,$Y_0$,$X_{inf}$,$Y_{inf}$,$f(x)$,Iterations
3,0,3.0083,3.0334,1.0168,2
2,-2,2.01,0.02005,0.00010151,2
0,-2,1.3746,-0.87662,0.41983,19
0,0,1.3699,-0.88001,0.42541,19
